{
    "$schema": "https://schema.management.azure.com/schemas/2015-01-01/deploymentParameters.json#",
    "contentVersion": "1.0.0.0",
    "parameters": {
        "vulnerabilityAssessments_Default_storageContainerPath": {
            "value": null
        },
        "serverfarms_Busbooking_name": {
            "value": null
        },
        "sites_Busbookingsystem_name": {
            "value": null
        },
        "components_Busbookingsystem_name": {
            "value": null
        },
        "servers_onlinebusbookingdbserver_name": {
            "value": null
        },
        "actionGroups_Application_Insights_Smart_Detection_name": {
            "value": null
        },
        "smartdetectoralertrules_failure_anomalies___busbookingsystem_name": {
            "value": null
        },
        "workspaces_DefaultWorkspace_93056251_a40a_418b_b5cc_34fe0963d092_CID_externalid": {
            "value": null
        }
    }
}